"1 - GROCERY","PORTABLE SNACKS","21 - FRUIT SNACKS","255 -"
"1 - GROCERY","PORTABLE SNACKS","21 - FRUIT SNACKS","265 - FRT SNK PERC HTHY WELCHES 32CT"
"1 - GROCERY",CONDIMENTS,"10 - KETCHUP","300 - KETCHUP-HEINZ 750ML-1LT"
"1 - GROCERY",CONDIMENTS,"20 - MUSTARD","210 - MUSTARD-FRENCHS SQUEEZE 400ML"
"1 - GROCERY",CONDIMENTS,"30 - RELISH","200 - RELISH-BICKS 375ML"
"1 - GROCERY","PORTABLE SNACKS","21 - FRUIT SNACKS","255 -"
"1 - GROCERY",CONDIMENTS,"40 - BBQ SAUCE","300 - BBQ SAUCE-BULLS EYE 425ML"
"1 - GROCERY",CONDIMENTS,"50 - TOPPERS","100 - TOPPERS-FRENCH'S 140-170G"
"1 - GROCERY",CONDIMENTS,"60 - MEAT AND SEAFOOD SAUCES","540 - HOT SAUCE-FRANKS 354ML"
"1 - GROCERY",CONDIMENTS,"70 - GRAVY & DRY SAUCES","130 - GRAVY-CLUBHOUSE 21-42GR"
"1 - GROCERY",CONDIMENTS,"80 - BOULLION PRODUCTS","100 - BOULLION-OXO 16S REG"
"1 - GROCERY",CLEANING,"21 - DISHWASHER PRODUCTS","400 - DISHWASHER-LIQ JET DRY 250ML"
"1 - GROCERY",CLEANING,"26 - DISH DETERGENT","210 - DISH DET ULTRA DAWN 479-573ML"
"1 - GROCERY",CLEANING,"31 - HOUSEHOLD CLEANERS","350 - HSE CLEAN WIPES LYSOL 70-80"
"1 - GROCERY",CLEANING,"36 - GLASS CLEANERS","100 - GLASS CLN REG-WINDEX 765-950ML"
"1 - GROCERY",CLEANING,"41 - BATHROOM CLEANERS","190 - BATH CLN BASIC VIM 950ML"
"1 - GROCERY",CLEANING,"46 - TOILET BOWL CLEANERS","600 - BOWL CLEANR-SPARKLE LIQ 909ML"
"1 - GROCERY",CLEANING,"48 - DRAIN CLEANERS","330 - DRAIN CLN LRG DRANO LIQ CLOG"
"1 - GROCERY",CLEANING,"51 - OVEN CLEANERS","100 - OVEN CLEAN REG EASYOFF"
"1 - GROCERY",CLEANING,"71 - SURFACE CLEANERS","280 - SURF CLNR WET SWIF SOLUTN"
"1 - GROCERY",CLEANING,"91 - CARPET CLEANERS","120 - CRPET CLN RESOLVE PUMP 650ML"
"1 - GROCERY",CLEANING,"97 - FLOOR CLEANERS & WAXES","995 - FLR CLNR & WAXES FOODSERVICE"
"1 - GROCERY",SOUP,"11 - CANNED SOUP CONDENSED","201 - CANNED SOUP COND CAMP CORE 284ML"
"1 - GROCERY",SOUP,"16 - CANNED SOUP FAMILY PACK","200 - CAN SOUP FAMPAK CAMP 12PKS"
"1 - GROCERY",SOUP,"21 - CANNED SOUP CHUNKY/RTS/HEARTY","200 - CAN SOUP CAMP CHUNKY 540ML"
"1 - GROCERY",SOUP,"28 - CANNED SOUP TIM HORTONS","100 - CANNED SOUP TIM HORTONS RTS 540ML"
"1 - GROCERY",SOUP,"31 - TETRA BROTH","200 - TETRA BROTH CAMP 900ML"
"1 - GROCERY",SOUP,"36 - TETRA STOCK","200 - T.STOCK KITCHEN BASICS 946ML"
"1 - GROCERY",SOUP,"41 - TETRA SOUP CAMP","100 - TETRA SOUP CAMP EDG 500ML"
"1 - GROCERY",SOUP,"61 - DRY SOUP MIX","200 - DRY SOUP MIX LIPTON 2EA"
"1 - GROCERY",SOUP,"66 - DRY SOUP STOCK","200 - DRY SOUP STOCK OXO 170GR"
"1 - GROCERY",SOUP,"71 - DRY SOUP BROTH","995 - DRY SOUP BROTH FOODSERVICE"
"1 - GROCERY",SOUP,"76 - INSTANT NOODLES PACKAGED","300 - INSTANT NDLES PKG SAPP 100GR"
"1 - GROCERY",SOUP,"81 - INSTANT NOODLES BOWL","100 - INST NOODLES CUP MR.NOOD 64GR"
"1 - GROCERY",SOUP,"85 - GLASS JAR SOUPS","100 - LEGH'S EUROPEAN CLASSIC SOUPS"
"1 - GROCERY",SOUP,"87 - GLASS JAR BROTHS","100 - GLASS JAR BROTHS MY BUTCHER 700ML"
"1 - GROCERY",SOUP,"91 - ORGANIC SOUP","400 - ORGANIC SOUP PACIFIC 1L"
"1 - GROCERY","JUICES, DRINKS & POWDERS","11 - JUICE SINGLE SERVE","110 - JCE SSERV APPLE PURE SRYPE 200ML"
"1 - GROCERY","JUICES, DRINKS & POWDERS","25 - JUICE ORGANIC","220 - JCE ORGNC PURE KNUDSEN CRAN 946ML"
"1 - GROCERY","JUICES, DRINKS & POWDERS","31 - JUICE TOMATO & VEGETABLE","110 - JCE TMTO & VEG CLAM MOTTS 1.89L"
"1 - GROCERY","JUICES, DRINKS & POWDERS","41 - JUICE LEMON/LIME JUICE","105 - JCE LMN/LME JCE REALEMON 125ML"
"1 - GROCERY","JUICES, DRINKS & POWDERS","80 - JUICE-COCONUT WATER","130 - JUICE-COCONUT WATER VITACOCO 1L"
"1 - GROCERY","PET FOOD","11 - CAT FOOD-CANNED","210 - CAT FD CANNED MED FRISKIES"
"1 - GROCERY","PET FOOD","15 - PET HOLIDAY DISPLAYS","200 - PET HOLIDAY ITEMS"
"1 - GROCERY","PET FOOD","21 - CAT FOOD-DRY","340 - CAT FD DRY PREM FRISKIES 1.5KG"
"1 - GROCERY","PET FOOD","31 - CAT TREATS","310 - CAT TREATS-TEMPTATIONS 180GR"
"1 - GROCERY","PET FOOD","51 - DOG FOOD-CANNED","110 - DOG FD CAN SM CESAR 100G"
"1 - GROCERY","PET FOOD","61 - DOG FOOD-DRY","600 - DOG FD DRY ALPO 7.2KG"
"1 - GROCERY","PET FOOD","71 - DOG TREATS","420 - DOG TRTS-PURINA 170G-198G"
"1 - GROCERY","CANNED FISH & MEAT","11 - CANNED SALMON","130 - CANNED PINK SALMON C.LEAF 213G"
"1 - GROCERY","CANNED FISH & MEAT","16 - SNACK KITS","100 - SNACK KITS CLOVER LEAF TUNA 90GR"
"1 - GROCERY","CANNED FISH & MEAT","25 - POUCH TUNA","250 - OCEANS POUCH TUNA FLAVORS"
"1 - GROCERY","CANNED FISH & MEAT","26 - CANNED SHRIMP","210 - CAN SHRIMP C.LEAF COCKTAIL 106G"
"1 - GROCERY","CANNED FISH & MEAT","31 - CANNED OYSTERS","200 - CAN OYSTERS C.LEAF SMOKED 85G"
"1 - GROCERY","CANNED FISH & MEAT","36 - CANNED MUSSLES","100 - CANNED MUSSLES C.LEAF 85G"
"1 - GROCERY","CANNED FISH & MEAT","41 - CANNED SARDINES","100 - CAN SARDINES BRUNSWICK 106G"
"1 - GROCERY","CANNED FISH & MEAT","44 - CANNED MACKEREL","100 - GOLD SEAL MACKEREL SKIN/BONE LESS"
"1 - GROCERY","CANNED FISH & MEAT","51 - CANNED CLAMS","100 - CANNED CLAMS C.LEAF WHOLE 142G"
"1 - GROCERY","CANNED FISH & MEAT","56 - CANNED ESCARGOT","100 - CANNED ESCARGOT SEA HAUL 115G"
"1 - GROCERY","CANNED FISH & MEAT","61 - CANNED SEAFOOD","100 - CAN SEAFOOD BRUNSWICK SNACK 100G"
"1 - GROCERY","CANNED FISH & MEAT","66 - CANNED ANCHOVIES","200 - CAN ANCHOVIES MILLIONAIRE 50G"
"1 - GROCERY","CANNED FISH & MEAT","76 - CANNED PASTA","300 - CANNED PASTA HEINZ 398ML"
"1 - GROCERY","CANNED FISH & MEAT","81 - CANNED CHILLI","300 - CANNED CHILI CAMPBELLS 425G"
"1 - GROCERY","CANNED FISH & MEAT","86 - CANNED STEW","100 - CANNED STEW PURITAN 700G-760G"
"1 - GROCERY","CANNED VEGETABLES","11 - CANNED BAKED BEANS","300 - CAN BAKED BEANS HEINZ 398ML"
"1 - GROCERY","CANNED VEGETABLES","13 - POUCH BAKED BEANS","100 - POUCH BAKED BEAN SEEDSOF CHAMGE 250"
"1 - GROCERY","CANNED VEGETABLES","16 - CANNED UNBAKED BEANS","400 - CANNED U/B BEANS UNICO 540ML"
"1 - GROCERY","CANNED VEGETABLES","26 - CANNED CORN","410 - CAN CORN GREEN GIANT 341-398ML"
"1 - GROCERY","CANNED VEGETABLES","31 - CANNED BEETS","100 - CANNED BEETS AYLMER 398ML"
"1 - GROCERY","CANNED VEGETABLES","36 - CANNED ARTICHOKE","100 - CANNED ARTICHOKE TOSCA 398ML"
"1 - GROCERY","CANNED VEGETABLES","50 - VEGETABLES MISC","995 - VEGETABLES - MISC - FOODSERVICE"
"1 - GROCERY","CANNED VEGETABLES","71 - CANNED TOMATOES","220 - CAN TOMATOES AYLMER 796ML"
"1 - GROCERY","CANNED VEGETABLES","76 - CANNED SAUERKRAUT","995 - CANNED SAUERKRAUT FOODSERVICE"
"1 - GROCERY","CANNED FRUIT","11 - CANNED FRUIT COCKTAIL","200 - CAN FRT CKTAIL DEL MONTE 398ML"
"1 - GROCERY","CANNED FRUIT","16 - CANNED PEACHES","300 - CAN PEACHES DEL MONTE 398ML"
"1 - GROCERY","CANNED FRUIT","18 - CANNED PEARS","200 - CAN PEARS DEL MONTE 398ML"
"1 - GROCERY","CANNED FRUIT","52 - SOUR CHERRIES","300 - NUTRAFRUIT RED SOUR CHERRIES 540ML"
"1 - GROCERY","CANNED FRUIT","65 - FRUIT POUCH","100 - DOLE FRUIT POUCHES"
"1 - GROCERY","CANNED FRUIT","81 - CRANBERRY SAUCE","200 - CRANBERRY SAUCE OCEAN 348ML"
"1 - GROCERY","CANNED FRUIT","95 - APPLE SAUCE","300 - APPLE SAUCE FRUITSATIONS 6'S"
"1 - GROCERY","RICE & GRAINS","21 - INSTANT RICE","205 - INST RICE REGULAR MINUTE RICE"
"1 - GROCERY","RICE & GRAINS","31 - RICE SIDE DISHES","155 - RICE S.DISH REG UNCLE BEN F/FANCY"
"1 - GROCERY","PASTA & SAUCES","21 - PASTA DINNERS","215 - PASTA.D REG KRAFT DINNER ORIG"
"1 - GROCERY","PASTA & SAUCES","31 - SIDE DISHES","200 - S.DISH HAMB REG BC H.HELPER"
"1 - GROCERY","PASTA & SAUCES","35 - INSTANT POTATOES","410 - INSTANT POT B.CROCKER MASHED"
"1 - GROCERY","PASTA & SAUCES","41 - PASTA SAUCES","110 - PASTA SAUCES VALUE HUNTS"
"1 - GROCERY","PASTA & SAUCES","51 - TOMATO SAUCE","210 - TOMATO SAUCE REG HUNTS 398ML"
"1 - GROCERY","PASTA & SAUCES","61 - TOMATO PASTE","200 - TOMATO PASTE REG HUNTS 156ML"
"1 - GROCERY","PASTA & SAUCES","65 - TOMATOES","200 - TOMATOES STRAINED EMMA PASSATA"
"1 - GROCERY","PASTA & SAUCES","81 - PIZZA MIXES/CRUSTS","210 - PIZZA MIX/CRUST REG KRAFT 850GR"
"1 - GROCERY","PASTA & SAUCES","91 - GRATED CHEESE","210 - GRATED CHEESE REG KRAFT 250GR"
